start,end,id
Thursday 18th April 2019 01:43,Thursday 18th April 2019 11:45,a541021
Wednesday 17th April 2019 02:43,Wednesday 17th April 2019 14:00,a541021
Monday 15th April 2019 13:37,Monday 15th April 2019 15:15,a541021
Monday 15th April 2019 01:56,Monday 15th April 2019 12:00,a541021
Sunday 14th April 2019 01:43,Sunday 14th April 2019 12:45,a541021
Saturday 13th April 2019 01:51,Saturday 13th April 2019 09:30,a541021
Friday 12th April 2019 02:20,Friday 12th April 2019 08:45,a541021
Wednesday 10th April 2019 02:57,Wednesday 10th April 2019 08:30,a541021
Tuesday 9th April 2019 06:05,Tuesday 9th April 2019 10:15,a541021
Saturday 6th April 2019 00:50,Saturday 6th April 2019 11:45,a541021
Friday 5th April 2019 07:20,Friday 5th April 2019 12:45,a541021
Thursday 4th April 2019 03:03,Thursday 4th April 2019 11:45,a541021
Wednesday 3rd April 2019 02:30,Wednesday 3rd April 2019 12:30,a541021
Tuesday 2nd April 2019 05:45,Tuesday 2nd April 2019 08:45,a541021
Monday 1st April 2019 09:17,Monday 1st April 2019 17:30,a541021
Sunday 31st March 2019 01:23,Sunday 31st March 2019 06:15,a541021
Saturday 30th March 2019 05:27,Saturday 30th March 2019 12:45,a541021
Friday 29th March 2019 07:43,Friday 29th March 2019 11:00,a541021
Thursday 28th March 2019 09:49,Thursday 28th March 2019 12:30,a541021
Wednesday 27th March 2019 09:48,Wednesday 27th March 2019 16:00,a541021
Wednesday 27th March 2019 01:04,Wednesday 27th March 2019 07:00,a541021
Tuesday 26th March 2019 02:13,Tuesday 26th March 2019 11:15,a541021
Monday 25th March 2019 02:23,Monday 25th March 2019 11:15,a541021
Sunday 24th March 2019 02:58,Sunday 24th March 2019 12:45,a541021
Saturday 23rd March 2019 02:10,Saturday 23rd March 2019 10:15,a541021
Friday 22nd March 2019 01:58,Friday 22nd March 2019 11:30,a541021
Thursday 21st March 2019 02:41,Thursday 21st March 2019 12:00,a541021
Wednesday 20th March 2019 03:13,Wednesday 20th March 2019 11:30,a541021
Tuesday 19th March 2019 02:27,Tuesday 19th March 2019 12:30,a541021
Monday 18th March 2019 08:23,Monday 18th March 2019 13:15,a541021
Sunday 17th March 2019 06:30,Sunday 17th March 2019 12:45,a541021
Saturday 16th March 2019 01:47,Saturday 16th March 2019 14:15,a541021
Friday 15th March 2019 01:29,Friday 15th March 2019 11:30,a541021
Thursday 14th March 2019 00:57,Thursday 14th March 2019 12:00,a541021
Wednesday 13th March 2019 05:36,Wednesday 13th March 2019 11:45,a541021
Tuesday 12th March 2019 05:36,Tuesday 12th March 2019 12:00,a541021
Monday 11th March 2019 03:19,Monday 11th March 2019 11:15,a541021
Sunday 10th March 2019 00:16,Sunday 10th March 2019 13:15,a541021
Saturday 9th March 2019 04:04,Saturday 9th March 2019 08:45,a541021
Friday 8th March 2019 04:14,Friday 8th March 2019 11:45,a541021
Wednesday 6th March 2019 05:33,Wednesday 6th March 2019 14:30,a541021
Tuesday 5th March 2019 06:44,Tuesday 5th March 2019 12:30,a541021
Monday 4th March 2019 06:05,Monday 4th March 2019 09:30,a541021
Sunday 3rd March 2019 03:57,Sunday 3rd March 2019 10:30,a541021
Saturday 2nd March 2019 05:04,Saturday 2nd March 2019 12:30,a541021
Friday 1st March 2019 10:54,Friday 1st March 2019 13:30,a541021
Thursday 28th February 2019 03:43,Thursday 28th February 2019 12:15,a541021
Wednesday 27th February 2019 07:41,Wednesday 27th February 2019 14:30,a541021
Tuesday 26th February 2019 04:30,Tuesday 26th February 2019 11:15,a541021
Monday 25th February 2019 02:30,Monday 25th February 2019 12:15,a541021
Sunday 24th February 2019 04:46,Sunday 24th February 2019 12:00,a541021
Saturday 23rd February 2019 05:12,Saturday 23rd February 2019 11:45,a541021
Friday 22nd February 2019 06:40,Friday 22nd February 2019 14:00,a541021
Thursday 21st February 2019 05:48,Thursday 21st February 2019 12:00,a541021
Wednesday 20th February 2019 03:18,Wednesday 20th February 2019 12:45,a541021
Monday 18th February 2019 07:46,Monday 18th February 2019 14:00,a541021
Sunday 17th February 2019 01:59,Sunday 17th February 2019 12:30,a541021
Saturday 16th February 2019 01:51,Saturday 16th February 2019 10:30,a541021
Friday 15th February 2019 10:27,Friday 15th February 2019 15:45,a541021
Thursday 14th February 2019 04:05,Thursday 14th February 2019 13:15,a541021
Wednesday 13th February 2019 10:57,Wednesday 13th February 2019 15:45,a541021
Tuesday 12th February 2019 07:24,Tuesday 12th February 2019 14:30,a541021
Sunday 10th February 2019 07:34,Sunday 10th February 2019 11:30,a541021
Friday 8th February 2019 04:00,Friday 8th February 2019 12:15,a541021
Wednesday 6th February 2019 05:16,Wednesday 6th February 2019 11:15,a541021
Tuesday 5th February 2019 06:47,Tuesday 5th February 2019 11:00,a541021
Saturday 2nd February 2019 06:37,Saturday 2nd February 2019 12:45,a541021
Wednesday 30th January 2019 06:15,Wednesday 30th January 2019 15:00,a541021
Tuesday 29th January 2019 03:55,Tuesday 29th January 2019 14:00,a541021
Friday 25th January 2019 01:54,Friday 25th January 2019 10:00,a541021
Thursday 24th January 2019 05:43,Thursday 24th January 2019 07:30,a541021
Wednesday 23rd January 2019 05:51,Wednesday 23rd January 2019 13:45,a541021
Saturday 19th January 2019 07:31,Saturday 19th January 2019 12:30,a541021
Friday 18th January 2019 07:58,Friday 18th January 2019 13:30,a541021
Thursday 17th January 2019 06:28,Thursday 17th January 2019 13:00,a541021
Wednesday 16th January 2019 06:15,Wednesday 16th January 2019 10:30,a541021
Monday 14th January 2019 05:06,Monday 14th January 2019 13:15,a541021
Sunday 13th January 2019 07:30,Sunday 13th January 2019 14:45,a541021
Friday 11th January 2019 04:08,Friday 11th January 2019 10:45,a541021
Wednesday 9th January 2019 06:45,Wednesday 9th January 2019 14:15,a541021
Tuesday 8th January 2019 07:30,Tuesday 8th January 2019 12:45,a541021
Monday 7th January 2019 06:15,Monday 7th January 2019 13:30,a541021
Saturday 5th January 2019 02:49,Saturday 5th January 2019 10:30,a541021
Friday 4th January 2019 03:46,Friday 4th January 2019 12:45,a541021
Thursday 3rd January 2019 09:39,Thursday 3rd January 2019 12:30,a541021
Wednesday 2nd January 2019 04:44,Wednesday 2nd January 2019 13:30,a541021
Tuesday 1st January 2019 04:45,Tuesday 1st January 2019 10:30,a541021
Saturday 29th December 2018 02:53,Saturday 29th December 2018 10:45,a541021
Wednesday 26th December 2018 04:15,Wednesday 26th December 2018 10:00,a541021
Tuesday 25th December 2018 04:21,Tuesday 25th December 2018 12:45,a541021
Sunday 23rd December 2018 03:00,Sunday 23rd December 2018 12:15,a541021
Saturday 22nd December 2018 04:25,Saturday 22nd December 2018 10:30,a541021
Friday 21st December 2018 03:45,Friday 21st December 2018 09:15,a541021
Tuesday 18th December 2018 06:34,Tuesday 18th December 2018 12:00,a541021
Monday 17th December 2018 03:48,Monday 17th December 2018 12:30,a541021
Saturday 15th December 2018 05:00,Saturday 15th December 2018 10:30,a541021
Friday 14th December 2018 04:34,Friday 14th December 2018 12:00,a541021
Thursday 13th December 2018 05:28,Thursday 13th December 2018 11:30,a541021
Monday 10th December 2018 04:45,Monday 10th December 2018 11:45,a541021
Sunday 9th December 2018 04:01,Sunday 9th December 2018 12:15,a541021
Monday 20th August 2018 16:00,Monday 20th August 2018 17:45,a541021
Sunday 19th August 2018 14:15,Sunday 19th August 2018 14:15,a541021
Sunday 19th August 2018 05:15,Sunday 19th August 2018 13:30,a541021
Saturday 18th August 2018 08:15,Saturday 18th August 2018 09:00,a541021
Friday 17th August 2018 06:00,Friday 17th August 2018 15:30,a541021
Thursday 16th August 2018 13:15,Thursday 16th August 2018 15:15,a541021
Thursday 16th August 2018 02:45,Thursday 16th August 2018 11:15,a541021
Tuesday 14th August 2018 14:30,Tuesday 14th August 2018 20:15,a541021
Tuesday 14th August 2018 11:45,Tuesday 14th August 2018 12:30,a541021
Monday 13th August 2018 07:45,Monday 13th August 2018 15:30,a541021
Sunday 12th August 2018 04:45,Sunday 12th August 2018 13:45,a541021
Saturday 11th August 2018 04:30,Saturday 11th August 2018 12:15,a541021
Thursday 6th December 2018 03:43,Thursday 6th December 2018 13:00,a541021
Wednesday 5th December 2018 03:14,Wednesday 5th December 2018 10:15,a541021
Tuesday 4th December 2018 02:59,Tuesday 4th December 2018 10:45,a541021
Sunday 2nd December 2018 03:15,Sunday 2nd December 2018 11:00,a541021
Thursday 9th August 2018 07:30,Thursday 9th August 2018 15:45,a541021
Tuesday 7th August 2018 09:45,Tuesday 7th August 2018 17:45,a541021
Monday 6th August 2018 07:30,Monday 6th August 2018 14:15,a541021
Sunday 5th August 2018 15:00,Monday 6th August 2018 01:45,a541021
Saturday 4th August 2018 04:30,Saturday 4th August 2018 09:15,a541021
Friday 3rd August 2018 11:30,Friday 3rd August 2018 14:30,a541021
Thursday 2nd August 2018 04:45,Thursday 2nd August 2018 21:00,a541021
Wednesday 1st August 2018 08:00,Wednesday 1st August 2018 14:00,a541021
Tuesday 31st July 2018 04:00,Tuesday 31st July 2018 21:30,a541021
Monday 30th July 2018 05:45,Monday 30th July 2018 20:00,a541021
Sunday 29th July 2018 03:15,Sunday 29th July 2018 20:30,a541021
Friday 27th July 2018 06:45,Saturday 28th July 2018 11:15,a541021
Thursday 26th July 2018 14:45,Thursday 26th July 2018 21:30,a541021
Tuesday 24th July 2018 21:45,Wednesday 25th July 2018 21:30,a541021
Sunday 22nd July 2018 05:45,Monday 23rd July 2018 06:00,a541021
Friday 20th July 2018 07:30,Friday 20th July 2018 18:30,a541021
Thursday 19th July 2018 06:30,Thursday 19th July 2018 13:15,a541021
Tuesday 17th July 2018 06:00,Tuesday 17th July 2018 15:30,a541021
Monday 16th July 2018 08:45,Monday 16th July 2018 15:00,a541021
Sunday 15th July 2018 06:30,Sunday 15th July 2018 11:15,a541021
Saturday 14th July 2018 03:15,Saturday 14th July 2018 11:00,a541021
Wednesday 11th July 2018 08:45,Wednesday 11th July 2018 15:30,a541021
Tuesday 10th July 2018 04:45,Tuesday 10th July 2018 12:30,a541021
Monday 9th July 2018 11:45,Monday 9th July 2018 15:15,a541021
Sunday 8th July 2018 14:30,Sunday 8th July 2018 15:45,a541021
Sunday 8th July 2018 09:00,Sunday 8th July 2018 12:15,a541021
Saturday 7th July 2018 02:45,Saturday 7th July 2018 13:45,a541021
Thursday 5th July 2018 10:30,Thursday 5th July 2018 13:30,a541021
Wednesday 4th July 2018 11:00,Wednesday 4th July 2018 13:45,a541021
Monday 2nd July 2018 23:30,Tuesday 3rd July 2018 06:00,a541021
Saturday 1st December 2018 03:30,Saturday 1st December 2018 10:45,a541021
Friday 30th November 2018 03:45,Friday 30th November 2018 12:15,a541021
Thursday 29th November 2018 06:15,Thursday 29th November 2018 09:15,a541021
Wednesday 28th November 2018 05:15,Wednesday 28th November 2018 12:30,a541021
Tuesday 27th November 2018 04:00,Tuesday 27th November 2018 11:30,a541021
Monday 26th November 2018 03:15,Monday 26th November 2018 10:15,a541021
Sunday 25th November 2018 03:30,Sunday 25th November 2018 13:30,a541021
Saturday 24th November 2018 02:30,Saturday 24th November 2018 13:15,a541021
Friday 23rd November 2018 05:00,Friday 23rd November 2018 14:30,a541021
Thursday 22nd November 2018 02:45,Thursday 22nd November 2018 17:15,a541021
Wednesday 21st November 2018 03:15,Wednesday 21st November 2018 14:45,a541021
Tuesday 20th November 2018 03:30,Tuesday 20th November 2018 13:00,a541021
Monday 19th November 2018 02:30,Monday 19th November 2018 18:00,a541021
Sunday 18th November 2018 01:15,Sunday 18th November 2018 15:45,a541021
Saturday 17th November 2018 02:00,Saturday 17th November 2018 17:45,a541021
Friday 16th November 2018 04:15,Friday 16th November 2018 18:00,a541021
Thursday 15th November 2018 03:45,Thursday 15th November 2018 12:15,a541021
Wednesday 14th November 2018 03:45,Wednesday 14th November 2018 12:15,a541021
Tuesday 13th November 2018 05:45,Tuesday 13th November 2018 15:15,a541021
Monday 12th November 2018 08:45,Monday 12th November 2018 16:30,a541021
Sunday 11th November 2018 02:45,Monday 12th November 2018 02:15,a541021
Saturday 10th November 2018 02:30,Saturday 10th November 2018 14:30,a541021
Friday 9th November 2018 08:15,Friday 9th November 2018 11:45,a541021
Wednesday 7th November 2018 06:00,Wednesday 7th November 2018 12:30,a541021
Tuesday 6th November 2018 12:15,Tuesday 6th November 2018 13:30,a541021
Sunday 4th November 2018 10:00,Sunday 4th November 2018 13:45,a541021
Sunday 4th November 2018 03:30,Sunday 4th November 2018 08:45,a541021
Saturday 3rd November 2018 01:45,Saturday 3rd November 2018 08:30,a541021
Friday 2nd November 2018 05:45,Friday 2nd November 2018 08:00,a541021
Thursday 1st November 2018 03:45,Thursday 1st November 2018 10:15,a541021
Tuesday 30th October 2018 14:45,Tuesday 30th October 2018 16:30,a541021
Tuesday 30th October 2018 08:30,Tuesday 30th October 2018 10:00,a541021
Monday 2nd July 2018 13:30,Monday 2nd July 2018 17:30,a541021
Friday 29th June 2018 08:15,Friday 29th June 2018 15:00,a541021
Wednesday 27th June 2018 08:00,Wednesday 27th June 2018 16:00,a541021
Tuesday 26th June 2018 06:00,Tuesday 26th June 2018 15:00,a541021
Sunday 24th June 2018 15:15,Sunday 24th June 2018 20:45,a541021
Sunday 24th June 2018 08:00,Sunday 24th June 2018 13:30,a541021
Saturday 23rd June 2018 05:15,Saturday 23rd June 2018 13:30,a541021
Friday 22nd June 2018 13:45,Friday 22nd June 2018 14:45,a541021
Friday 22nd June 2018 04:15,Friday 22nd June 2018 11:45,a541021
Wednesday 20th June 2018 16:45,Thursday 21st June 2018 05:30,a541021
Tuesday 19th June 2018 04:45,Tuesday 19th June 2018 07:45,a541021
Sunday 17th June 2018 04:15,Sunday 17th June 2018 14:45,a541021
Friday 15th June 2018 05:45,Friday 15th June 2018 13:30,a541021
Wednesday 13th June 2018 11:00,Thursday 14th June 2018 03:45,a541021
Tuesday 12th June 2018 14:30,Tuesday 12th June 2018 22:15,a541021
Monday 11th June 2018 07:15,Monday 11th June 2018 23:30,a541021
Sunday 10th June 2018 18:00,Sunday 10th June 2018 21:15,a541021
Sunday 10th June 2018 11:00,Sunday 10th June 2018 16:30,a541021
Wednesday 6th June 2018 17:45,Thursday 7th June 2018 11:00,a541021
Tuesday 5th June 2018 23:45,Wednesday 6th June 2018 03:00,a541021
Saturday 2nd June 2018 10:15,Saturday 2nd June 2018 15:15,a541021
Friday 1st June 2018 10:15,Friday 1st June 2018 15:45,a541021
Wednesday 30th May 2018 11:30,Wednesday 30th May 2018 16:45,a541021
Tuesday 29th May 2018 10:45,Tuesday 29th May 2018 16:45,a541021
Monday 28th May 2018 11:00,Monday 28th May 2018 15:45,a541021
Saturday 26th May 2018 07:00,Saturday 26th May 2018 13:30,a541021
Friday 25th May 2018 04:30,Friday 25th May 2018 16:30,a541021
Thursday 24th May 2018 10:45,Thursday 24th May 2018 17:00,a541021
Wednesday 23rd May 2018 12:30,Wednesday 23rd May 2018 17:00,a541021
Monday 21st May 2018 13:15,Tuesday 22nd May 2018 01:30,a541021
Sunday 20th May 2018 07:30,Sunday 20th May 2018 19:45,a541021
Saturday 19th May 2018 12:30,Saturday 19th May 2018 14:15,a541021
Friday 18th May 2018 05:00,Friday 18th May 2018 08:45,a541021
Thursday 17th May 2018 09:30,Thursday 17th May 2018 14:15,a541021
Thursday 17th May 2018 09:00,Thursday 17th May 2018 09:00,a541021
Wednesday 16th May 2018 11:00,Wednesday 16th May 2018 16:00,a541021
Tuesday 15th May 2018 10:00,Tuesday 15th May 2018 16:15,a541021
Saturday 12th May 2018 05:45,Saturday 12th May 2018 15:00,a541021
Friday 11th May 2018 11:45,Friday 11th May 2018 17:15,a541021
Thursday 10th May 2018 12:00,Thursday 10th May 2018 14:30,a541021
Wednesday 9th May 2018 08:30,Wednesday 9th May 2018 15:00,a541021
Tuesday 8th May 2018 12:00,Tuesday 8th May 2018 15:45,a541021
Monday 7th May 2018 06:45,Monday 7th May 2018 11:15,a541021
Friday 4th May 2018 10:15,Friday 4th May 2018 13:30,a541021
Thursday 3rd May 2018 09:45,Thursday 3rd May 2018 16:45,a541021
Tuesday 1st May 2018 09:15,Tuesday 1st May 2018 16:00,a541021
Monday 30th April 2018 10:30,Monday 30th April 2018 14:15,a541021
Sunday 29th April 2018 06:30,Sunday 29th April 2018 16:30,a541021
Sunday 28th October 2018 04:00,Sunday 28th October 2018 13:30,a541021
Saturday 27th October 2018 03:00,Saturday 27th October 2018 08:30,a541021
Thursday 25th October 2018 14:15,Thursday 25th October 2018 23:00,a541021
Wednesday 24th October 2018 12:00,Wednesday 24th October 2018 22:45,a541021
Monday 22nd October 2018 07:30,Monday 22nd October 2018 09:45,a541021
Sunday 21st October 2018 11:30,Sunday 21st October 2018 13:30,a541021
Sunday 21st October 2018 03:15,Sunday 21st October 2018 10:00,a541021
Saturday 20th October 2018 07:30,Saturday 20th October 2018 08:30,a541021
Friday 19th October 2018 10:45,Friday 19th October 2018 17:45,a541021
Wednesday 17th October 2018 07:30,Wednesday 17th October 2018 12:15,a541021
Tuesday 16th October 2018 08:15,Tuesday 16th October 2018 12:15,a541021
Monday 15th October 2018 06:15,Monday 15th October 2018 13:45,a541021
Monday 15th October 2018 05:15,Monday 15th October 2018 05:45,a541021
Saturday 13th October 2018 03:15,Saturday 13th October 2018 07:30,a541021
Friday 12th October 2018 02:45,Friday 12th October 2018 08:15,a541021
Thursday 11th October 2018 07:00,Thursday 11th October 2018 11:15,a541021
Tuesday 9th October 2018 04:15,Tuesday 9th October 2018 11:30,a541021
Saturday 6th October 2018 17:30,Saturday 6th October 2018 18:15,a541021
Saturday 6th October 2018 12:00,Saturday 6th October 2018 16:30,a541021
Thursday 4th October 2018 08:15,Thursday 4th October 2018 14:30,a541021
Wednesday 3rd October 2018 11:30,Wednesday 3rd October 2018 17:00,a541021
Wednesday 3rd October 2018 04:15,Wednesday 3rd October 2018 07:45,a541021
Tuesday 2nd October 2018 08:00,Tuesday 2nd October 2018 10:00,a541021
Monday 1st October 2018 02:00,Monday 1st October 2018 11:15,a541021
Saturday 29th September 2018 06:15,Saturday 29th September 2018 13:00,a541021
Thursday 27th September 2018 06:45,Thursday 27th September 2018 14:30,a541021
Wednesday 26th September 2018 08:15,Wednesday 26th September 2018 09:00,a541021
Tuesday 25th September 2018 05:00,Tuesday 25th September 2018 09:00,a541021
Monday 24th September 2018 03:00,Monday 24th September 2018 12:00,a541021
Saturday 22nd September 2018 07:30,Saturday 22nd September 2018 14:30,a541021
Friday 21st September 2018 15:00,Friday 21st September 2018 18:15,a541021
Thursday 20th September 2018 07:00,Thursday 20th September 2018 13:45,a541021
Tuesday 18th September 2018 08:30,Tuesday 18th September 2018 10:45,a541021
Monday 17th September 2018 07:45,Monday 17th September 2018 15:30,a541021
Sunday 16th September 2018 10:15,Sunday 16th September 2018 16:30,a541021
Saturday 15th September 2018 04:15,Saturday 15th September 2018 11:00,a541021
Friday 14th September 2018 05:45,Friday 14th September 2018 18:30,a541021
Thursday 13th September 2018 15:00,Thursday 13th September 2018 16:00,a541021
Thursday 13th September 2018 09:15,Thursday 13th September 2018 13:45,a541021
Wednesday 12th September 2018 04:45,Wednesday 12th September 2018 13:15,a541021
Monday 10th September 2018 06:45,Monday 10th September 2018 14:15,a541021
Sunday 9th September 2018 14:15,Sunday 9th September 2018 15:00,a541021
Sunday 9th September 2018 13:30,Sunday 9th September 2018 13:45,a541021
Saturday 8th September 2018 10:30,Saturday 8th September 2018 13:45,a541021
Friday 7th September 2018 07:45,Friday 7th September 2018 14:15,a541021
Thursday 6th September 2018 03:45,Thursday 6th September 2018 14:30,a541021
Wednesday 5th September 2018 07:45,Wednesday 5th September 2018 13:15,a541021
Tuesday 4th September 2018 10:15,Tuesday 4th September 2018 20:00,a541021
Monday 3rd September 2018 11:00,Monday 3rd September 2018 19:15,a541021
Saturday 28th April 2018 07:15,Saturday 28th April 2018 14:15,a541021
Friday 27th April 2018 09:15,Friday 27th April 2018 15:45,a541021
Thursday 26th April 2018 04:15,Thursday 26th April 2018 07:45,a541021
Saturday 21st April 2018 10:30,Saturday 21st April 2018 15:45,a541021
Friday 20th April 2018 12:15,Friday 20th April 2018 16:00,a541021
Friday 20th April 2018 08:15,Friday 20th April 2018 11:45,a541021
Saturday 1st September 2018 16:15,Sunday 2nd September 2018 04:00,a541021
Saturday 1st September 2018 04:30,Saturday 1st September 2018 09:45,a541021
Friday 31st August 2018 06:45,Friday 31st August 2018 15:15,a541021
Thursday 30th August 2018 04:00,Thursday 30th August 2018 18:30,a541021
Thursday 30th August 2018 00:15,Thursday 30th August 2018 03:30,a541021
Tuesday 28th August 2018 14:45,Wednesday 29th August 2018 09:45,a541021
Monday 27th August 2018 15:15,Tuesday 28th August 2018 00:45,a541021
Sunday 26th August 2018 08:00,Sunday 26th August 2018 21:45,a541021
Saturday 25th August 2018 08:00,Saturday 25th August 2018 17:45,a541021
Friday 24th August 2018 08:15,Friday 24th August 2018 14:00,a541021
Wednesday 22nd August 2018 07:45,Wednesday 22nd August 2018 21:30,a541021
Tuesday 21st August 2018 05:45,Tuesday 21st August 2018 11:15,a541021
Tuesday 21st August 2018 05:15,Tuesday 21st August 2018 05:15,a541021
Monday 20th August 2018 18:15,Monday 20th August 2018 20:45,a541021
Monday 20th August 2018 16:00,Monday 20th August 2018 17:45,a541021
